TurnNumber	PreviousTurnIntent	query	domain	PreviousTurnDomain	TaskFrameStatus	TaskFrameEntityStates	TaskFrameGUID	SpeechPeopleDisambiguationGrammarMatches	ConversationalContext	Source
0		bird this document to my	web							Desktop-Random-Feb-2019-Test-55k.tsv
0		go to my saved accounts box and check on edit	web							Desktop-Random-Feb-2019-Test-55k.tsv
0		go to my saved accounts box and check on edit	web							Desktop-Random-Feb-2019-Test-55k.tsv
0		go to my saved accounts box and check on edit	web							Desktop-Random-Feb-2019-Test-55k.tsv
0		go to my saved accounts box and check on edit	web							Desktop-Random-Feb-2019-Test-55k.tsv
0		go to my saved accounts box and check on edit	web							Desktop-Random-Feb-2019-Test-55k.tsv
0		go to my saved accounts box and check on edit	web							Desktop-Random-Feb-2019-Test-55k.tsv
0		go to my saved accounts box and check on edit	web							Desktop-Random-Feb-2019-Test-55k.tsv
0		go to my saved accounts box and check on edit	web							Desktop-Random-Feb-2019-Test-55k.tsv
0		go to my saved accounts box and check on edit	web							Desktop-Random-Feb-2019-Test-55k.tsv
0		go to my saved accounts box and check on edit	web							Desktop-Random-Feb-2019-Test-55k.tsv
0		pull up sticky notes	ondevice							Desktop-Random-Feb-2019-Test-55k.tsv
0		pull up sticky notes	ondevice							Desktop-Random-Feb-2019-Test-55k.tsv
0		pull up sticky notes	ondevice							Desktop-Random-Feb-2019-Test-55k.tsv
0		pull up sticky notes	ondevice							Desktop-Random-Feb-2019-Test-55k.tsv
0		pull up sticky notes	ondevice							Desktop-Random-Feb-2019-Test-55k.tsv
0		open up sticky notes	ondevice							Desktop-Random-Feb-2019-Test-55k.tsv
0		open up sticky notes	ondevice							Desktop-Random-Feb-2019-Test-55k.tsv
0		open up sticky notes	ondevice							Desktop-Random-Feb-2019-Test-55k.tsv
0		open up sticky notes	ondevice							Desktop-Random-Feb-2019-Test-55k.tsv
0		open up sticky notes	ondevice							Desktop-Random-Feb-2019-Test-55k.tsv
0		open up sticky notes	ondevice							Desktop-Random-Feb-2019-Test-55k.tsv
0		open up sticky notes	ondevice							Desktop-Random-Feb-2019-Test-55k.tsv
0		open up sticky notes	ondevice							Desktop-Random-Feb-2019-Test-55k.tsv
0		open up sticky notes	ondevice							Desktop-Random-Feb-2019-Test-55k.tsv
0		give me white one document the name is iracing	web							Desktop-Random-Feb-2019-Test-55k.tsv
0		give me white one document the name is iracing	web							Desktop-Random-Feb-2019-Test-55k.tsv
0		give me white one document the name is iracing	web							Desktop-Random-Feb-2019-Test-55k.tsv
0		give me white one document the name is iracing	web							Desktop-Random-Feb-2019-Test-55k.tsv
0		give me white one document the name is iracing	web							Desktop-Random-Feb-2019-Test-55k.tsv
0		print document on screen	mystuff							Desktop-Random-Feb-2019-Test-55k.tsv
0		print document on screen	mystuff							Desktop-Random-Feb-2019-Test-55k.tsv
0		print document on screen	mystuff							Desktop-Random-Feb-2019-Test-55k.tsv
0		print document on screen	mystuff							Desktop-Random-Feb-2019-Test-55k.tsv
0		print document on screen	mystuff							Desktop-Random-Feb-2019-Test-55k.tsv
0		print document on screen	mystuff							Desktop-Random-Feb-2019-Test-55k.tsv
0		print document on screen	mystuff							Desktop-Random-Feb-2019-Test-55k.tsv
0		print document on screen	mystuff							Desktop-Random-Feb-2019-Test-55k.tsv
0		print document on screen	mystuff							Desktop-Random-Feb-2019-Test-55k.tsv
0		open a post it note	mystuff							Desktop-Random-Feb-2019-Test-55k.tsv
0		print this document cortina print this	mystuff							Desktop-Random-Feb-2019-Test-55k.tsv
0		samsung galaxy note 9 review pc	web							Desktop-Random-Feb-2019-Test-55k.tsv
0		making video files	web							Desktop-Random-Feb-2019-Test-55k.tsv
0		where can i get a copy of my mortgage note	web							Desktop-Random-Feb-2019-Test-55k.tsv
0		where can i get a copy of my mortgage note	web							Desktop-Random-Feb-2019-Test-55k.tsv
0		where can i get a copy of my mortgage note	web							Desktop-Random-Feb-2019-Test-55k.tsv
0		where can i get a copy of my mortgage note	web							Desktop-Random-Feb-2019-Test-55k.tsv
0		where can i get a copy of my mortgage note	web							Desktop-Random-Feb-2019-Test-55k.tsv
0		computer file c	web							Desktop-Random-Feb-2019-Test-55k.tsv
0		open a youtube page of looking for allied school of business unit 1 powerpoint	webNAVIGATION							Desktop-Random-Feb-2019-Test-55k.tsv
0		open taco bell dot text	webNAVIGATION							Desktop-Random-Feb-2019-Test-55k.tsv
0		where is my sticky notes	ondevice							Desktop-Random-Feb-2019-Test-55k.tsv
0		where is my sticky notes	ondevice							Desktop-Random-Feb-2019-Test-55k.tsv
0		where is my sticky notes	ondevice							Desktop-Random-Feb-2019-Test-55k.tsv
0		pin the on screen keyboard to my task bar	ondevice							Desktop-Random-Feb-2019-Test-55k.tsv
0		pin the on screen keyboard to my task bar	ondevice							Desktop-Random-Feb-2019-Test-55k.tsv
0		pin the on screen keyboard to my task bar	ondevice							Desktop-Random-Feb-2019-Test-55k.tsv
0		pin the on screen keyboard to my task bar	ondevice							Desktop-Random-Feb-2019-Test-55k.tsv
0		pin the on screen keyboard to my task bar	ondevice							Desktop-Random-Feb-2019-Test-55k.tsv
0		pin the on screen keyboard to my task bar	ondevice							Desktop-Random-Feb-2019-Test-55k.tsv
0		pin the on screen keyboard to my task bar	ondevice							Desktop-Random-Feb-2019-Test-55k.tsv
0		pin the on screen keyboard to my task bar	ondevice							Desktop-Random-Feb-2019-Test-55k.tsv
0		pin the on screen keyboard to my task bar	ondevice							Desktop-Random-Feb-2019-Test-55k.tsv
0		pin the on screen keyboard to my task bar	ondevice							Desktop-Random-Feb-2019-Test-55k.tsv
0		find my orca by boat	web							Desktop-Random-Feb-2019-Test-55k.tsv
0		find my orca by boat	web							Desktop-Random-Feb-2019-Test-55k.tsv
0		find my orca by boat	web							Desktop-Random-Feb-2019-Test-55k.tsv
0		find my orca by boat	web							Desktop-Random-Feb-2019-Test-55k.tsv
0		find my orca by boat	web							Desktop-Random-Feb-2019-Test-55k.tsv
0		what is in file explorer's navigation pane	web							Desktop-Random-Feb-2019-Test-55k.tsv
0		what is in file explorer's navigation pane	web							Desktop-Random-Feb-2019-Test-55k.tsv
0		what is in file explorer's navigation pane	web							Desktop-Random-Feb-2019-Test-55k.tsv
0		what is in file explorer's navigation pane	web							Desktop-Random-Feb-2019-Test-55k.tsv
0		what is in file explorer's navigation pane	web							Desktop-Random-Feb-2019-Test-55k.tsv
0		bring up sticky notes	ondevice							Desktop-Random-Feb-2019-Test-55k.tsv
0		bring up sticky notes	ondevice							Desktop-Random-Feb-2019-Test-55k.tsv
0		bring up sticky notes	ondevice							Desktop-Random-Feb-2019-Test-55k.tsv
0		bring up sticky notes	ondevice							Desktop-Random-Feb-2019-Test-55k.tsv
0		bring up sticky notes	ondevice							Desktop-Random-Feb-2019-Test-55k.tsv
0		continue writing my notes	note							Desktop-Random-Feb-2019-Test-55k.tsv
0		open onedrive folder	mystuff							Desktop-Random-Feb-2019-Test-55k.tsv
0		video file on page	web							Desktop-Random-Feb-2019-Test-55k.tsv
0		launch 5m if f****** says could not find a path cannot find the game executable gta5 deg c at the configuration path please check your suggestions fx dot inf file	web							Desktop-Random-Feb-2019-Test-55k.tsv
0		launch 5m if f****** says could not find a path cannot find the game executable gta5 deg c at the configuration path please check your suggestions fx dot inf file	web							Desktop-Random-Feb-2019-Test-55k.tsv
0		launch 5m if f****** says could not find a path cannot find the game executable gta5 deg c at the configuration path please check your suggestions fx dot inf file	web							Desktop-Random-Feb-2019-Test-55k.tsv
0		launch 5m if f****** says could not find a path cannot find the game executable gta5 deg c at the configuration path please check your suggestions fx dot inf file	web							Desktop-Random-Feb-2019-Test-55k.tsv
0		launch 5m if f****** says could not find a path cannot find the game executable gta5 deg c at the configuration path please check your suggestions fx dot inf file	web							Desktop-Random-Feb-2019-Test-55k.tsv
0		launch 5m if f****** says could not find a path cannot find the game executable gta5 deg c at the configuration path please check your suggestions fx dot inf file	web							Desktop-Random-Feb-2019-Test-55k.tsv
0		launch 5m if f****** says could not find a path cannot find the game executable gta5 deg c at the configuration path please check your suggestions fx dot inf file	web							Desktop-Random-Feb-2019-Test-55k.tsv
0		launch 5m if f****** says could not find a path cannot find the game executable gta5 deg c at the configuration path please check your suggestions fx dot inf file	web							Desktop-Random-Feb-2019-Test-55k.tsv
0		launch 5m if f****** says could not find a path cannot find the game executable gta5 deg c at the configuration path please check your suggestions fx dot inf file	web							Desktop-Random-Feb-2019-Test-55k.tsv
0		launch 5m if f****** says could not find a path cannot find the game executable gta5 deg c at the configuration path please check your suggestions fx dot inf file	web							Desktop-Random-Feb-2019-Test-55k.tsv
0		bring up word doc	files							Desktop-Random-Feb-2019-Test-55k.ts
0		bring up word doc	files							Desktop-Random-Feb-2019-Test-55k.tsv
0		bring up word doc	files							Desktop-Random-Feb-2019-Test-55k.tsv
0		bring up word doc	files							Desktop-Random-Feb-2019-Test-55k.tsv
0		bring up word doc	files							Desktop-Random-Feb-2019-Test-55k.tsv
0		bring up word doc	files							Desktop-Random-Feb-2019-Test-55k.tsv
0		bring up word doc	files							Desktop-Random-Feb-2019-Test-55k.tsv
0		bring up word doc	files							Desktop-Random-Feb-2019-Test-55k.tsv
0		bring up word doc	files							Desktop-Random-Feb-2019-Test-55k.tsv
0		bring up word doc	files							Desktop-Random-Feb-2019-Test-55k.tsv
0		bring up word doc	files							Desktop-Random-Feb-2019-Test-55k.tsv
0		bring up word doc	files							Desktop-Random-Feb-2019-Test-55k.tsv
0		bring up word doc	files							Desktop-Random-Feb-2019-Test-55k.tsv
0		bring up word doc	files							Desktop-Random-Feb-2019-Test-55k.tsv
0		bring up word doc	files							Desktop-Random-Feb-2019-Test-55k.tsv
0		bring up word doc	files							Desktop-Random-Feb-2019-Test-55k.tsv
0		bring up word doc	files							Desktop-Random-Feb-2019-Test-55k.tsv
0		bring up word doc	files							Desktop-Random-Feb-2019-Test-55k.tsv
0		bring up word doc	files							Desktop-Random-Feb-2019-Test-55k.tsv
0		bring up word doc	files							Desktop-Random-Feb-2019-Test-55k.tsv
0		bring up word doc	files							Desktop-Random-Feb-2019-Test-55k.tsv
0		inflammation review documents:	files							Desktop-Random-Feb-2019-Test-55k.tsv
0		inflammation review documents:	files							Desktop-Random-Feb-2019-Test-55k.tsv
0		inflammation review documents:	files							Desktop-Random-Feb-2019-Test-55k.tsv
0		inflammation review documents:	files							Desktop-Random-Feb-2019-Test-55k.tsv
0		inflammation review documents:	files							Desktop-Random-Feb-2019-Test-55k.tsv
0		inflammation review documents:	files							Desktop-Random-Feb-2019-Test-55k.tsv
0		inflammation review documents:	files							Desktop-Random-Feb-2019-Test-55k.tsv
0		inflammation review documents:	files							Desktop-Random-Feb-2019-Test-55k.tsv
0		inflammation review documents:	files							Desktop-Random-Feb-2019-Test-55k.tsv
0		inflammation review documents:	files							Desktop-Random-Feb-2019-Test-55k.tsv
0		inflammation review documents:	files							Desktop-Random-Feb-2019-Test-55k.tsv
0		play powerpoint presentation	files							Desktop-Random-Feb-2019-Test-55k.tsv
0		play powerpoint presentation	files							Desktop-Random-Feb-2019-Test-55k.tsv
0		play powerpoint presentation	files							Desktop-Random-Feb-2019-Test-55k.tsv
0		play powerpoint presentation	files							Desktop-Random-Feb-2019-Test-55k.tsv
0		play powerpoint presentation	files							Desktop-Random-Feb-2019-Test-55k.tsv
0		play powerpoint presentation	files							Desktop-Random-Feb-2019-Test-55k.tsv
0		play powerpoint presentation	files							Desktop-Random-Feb-2019-Test-55k.tsv
0		play powerpoint presentation	files							Desktop-Random-Feb-2019-Test-55k.tsv
0		play powerpoint presentation	files							Desktop-Random-Feb-2019-Test-55k.tsv
0		play powerpoint presentation	files							Desktop-Random-Feb-2019-Test-55k.tsv
0		open a word document or something that i can type in	files							Desktop-Random-Feb-2019-Test-55k.tsv
0		open a word document or something that i can type in	files							Desktop-Random-Feb-2019-Test-55k.tsv
0		open a word document or something that i can type in	files							Desktop-Random-Feb-2019-Test-55k.tsv
0		open a word document or something that i can type in	files							Desktop-Random-Feb-2019-Test-55k.tsv
0		open a word document or something that i can type in	files							Desktop-Random-Feb-2019-Test-55k.tsv
0		open a word document or something that i can type in	files							Desktop-Random-Feb-2019-Test-55k.tsv
0		open a word document or something that i can type in	files							Desktop-Random-Feb-2019-Test-55k.tsv
0		open a word document or something that i can type in	files							Desktop-Random-Feb-2019-Test-55k.tsv
0		open a word document or something that i can type in	files							Desktop-Random-Feb-2019-Test-55k.tsv
0		open a word document or something that i can type in	files							Desktop-Random-Feb-2019-Test-55k.tsv
0		pull up another pdf	files							Desktop-Random-Feb-2019-Test-55k.tsv
0		pull up another pdf	files							Desktop-Random-Feb-2019-Test-55k.tsv
0		pull up another pdf	files							Desktop-Random-Feb-2019-Test-55k.tsv
0		pull up another pdf	files							Desktop-Random-Feb-2019-Test-55k.tsv
0		pull up another pdf	files							Desktop-Random-Feb-2019-Test-55k.tsv
0		pull up another pdf	files							Desktop-Random-Feb-2019-Test-55k.tsv
0		pull up another pdf	files							Desktop-Random-Feb-2019-Test-55k.tsv
0		pull up another pdf	files							Desktop-Random-Feb-2019-Test-55k.tsv
0		pull up another pdf	files							Desktop-Random-Feb-2019-Test-55k.tsv
0		pull up another pdf	files							Desktop-Random-Feb-2019-Test-55k.tsv
0		show me word processing documents on my	files							Desktop-Random-Feb-2019-Test-55k.tsv
0		show me word processing documents on my	files							Desktop-Random-Feb-2019-Test-55k.tsv
0		show me word processing documents on my	files							Desktop-Random-Feb-2019-Test-55k.tsv
0		show me word processing documents on my	files							Desktop-Random-Feb-2019-Test-55k.tsv
0		show me word processing documents on my	files							Desktop-Random-Feb-2019-Test-55k.tsv
0		show me word processing documents on my	files							Desktop-Random-Feb-2019-Test-55k.tsv
0		show me word processing documents on my	files							Desktop-Random-Feb-2019-Test-55k.tsv
0		show me word processing documents on my	files							Desktop-Random-Feb-2019-Test-55k.tsv
0		show me word processing documents on my	files							Desktop-Random-Feb-2019-Test-55k.tsv
0		show me word processing documents on my	files							Desktop-Random-Feb-2019-Test-55k.tsv
0		powerpoint powerpoint	ondevice							Desktop-Random-Feb-2019-Test-55k.tsv
0		powerpoint powerpoint	ondevice							Desktop-Random-Feb-2019-Test-55k.tsv
0		powerpoint powerpoint	ondevice							Desktop-Random-Feb-2019-Test-55k.tsv
0		powerpoint powerpoint	ondevice							Desktop-Random-Feb-2019-Test-55k.tsv
0		powerpoint powerpoint	ondevice							Desktop-Random-Feb-2019-Test-55k.tsv
0		powerpoint powerpoint	ondevice							Desktop-Random-Feb-2019-Test-55k.tsv
0		powerpoint powerpoint	ondevice							Desktop-Random-Feb-2019-Test-55k.tsv
0		powerpoint powerpoint	ondevice							Desktop-Random-Feb-2019-Test-55k.tsv
0		powerpoint powerpoint	ondevice							Desktop-Random-Feb-2019-Test-55k.tsv
0		powerpoint powerpoint	ondevice							Desktop-Random-Feb-2019-Test-55k.tsv
0		open my word book	ondevice							Desktop-Random-Feb-2019-Test-55k.tsv
0		open my word book	ondevice							Desktop-Random-Feb-2019-Test-55k.tsv
0		open my word book	ondevice							Desktop-Random-Feb-2019-Test-55k.tsv
0		open my word book	ondevice							Desktop-Random-Feb-2019-Test-55k.tsv
0		open my word book	ondevice							Desktop-Random-Feb-2019-Test-55k.tsv
0		open my word book	ondevice							Desktop-Random-Feb-2019-Test-55k.tsv
0		open my word book	ondevice							Desktop-Random-Feb-2019-Test-55k.tsv
0		open my word book	ondevice							Desktop-Random-Feb-2019-Test-55k.tsv
0		open my word book	ondevice							Desktop-Random-Feb-2019-Test-55k.tsv
0		open my word book	ondevice							Desktop-Random-Feb-2019-Test-55k.tsv
0		cross of powerpoint	web							Desktop-Random-Feb-2019-Test-55k.tsv
0		cross of powerpoint	web							Desktop-Random-Feb-2019-Test-55k.tsv
0		cross of powerpoint	web							Desktop-Random-Feb-2019-Test-55k.tsv
0		cross of powerpoint	web							Desktop-Random-Feb-2019-Test-55k.tsv
0		cross of powerpoint	web							Desktop-Random-Feb-2019-Test-55k.tsv
0		cross of powerpoint	web							Desktop-Random-Feb-2019-Test-55k.tsv
0		cross of powerpoint	web							Desktop-Random-Feb-2019-Test-55k.tsv
0		cross of powerpoint	web							Desktop-Random-Feb-2019-Test-55k.tsv
0		cross of powerpoint	web							Desktop-Random-Feb-2019-Test-55k.tsv
0		cross of powerpoint	web							Desktop-Random-Feb-2019-Test-55k.tsv
0		uncle get pricing from my onenote	ondevice							Desktop-Random-Feb-2019-Test-55k.tsv
0		uncle get pricing from my onenote	ondevice							Desktop-Random-Feb-2019-Test-55k.tsv
0		uncle get pricing from my onenote	ondevice							Desktop-Random-Feb-2019-Test-55k.tsv
0		uncle get pricing from my onenote	ondevice							Desktop-Random-Feb-2019-Test-55k.tsv
0		uncle get pricing from my onenote	ondevice							Desktop-Random-Feb-2019-Test-55k.tsv
0		uncle get pricing from my onenote	ondevice							Desktop-Random-Feb-2019-Test-55k.tsv
0		uncle get pricing from my onenote	ondevice							Desktop-Random-Feb-2019-Test-55k.tsv
0		uncle get pricing from my onenote	ondevice							Desktop-Random-Feb-2019-Test-55k.tsv
0		uncle get pricing from my onenote	ondevice							Desktop-Random-Feb-2019-Test-55k.tsv
0		uncle get pricing from my onenote	ondevice							Desktop-Random-Feb-2019-Test-55k.tsv
0		open system file checker	ondevice							Desktop-Random-Feb-2019-Test-55k.tsv
0		open system file checker	ondevice							Desktop-Random-Feb-2019-Test-55k.tsv
0		open system file checker	ondevice							Desktop-Random-Feb-2019-Test-55k.tsv
0		open system file checker	ondevice							Desktop-Random-Feb-2019-Test-55k.tsv
0		open system file checker	ondevice							Desktop-Random-Feb-2019-Test-55k.tsv
0		open system file checker	ondevice							Desktop-Random-Feb-2019-Test-55k.tsv
0		open system file checker	ondevice							Desktop-Random-Feb-2019-Test-55k.tsv
0		open system file checker	ondevice							Desktop-Random-Feb-2019-Test-55k.tsv
0		open system file checker	ondevice							Desktop-Random-Feb-2019-Test-55k.tsv
0		open system file checker	ondevice							Desktop-Random-Feb-2019-Test-55k.tsv
0		open file maker pro	ondevice							Desktop-Random-Feb-2019-Test-55k.tsv
0		open file maker pro	ondevice							Desktop-Random-Feb-2019-Test-55k.tsv
0		open file maker pro	ondevice							Desktop-Random-Feb-2019-Test-55k.tsv
0		open file maker pro	ondevice							Desktop-Random-Feb-2019-Test-55k.tsv
0		open file maker pro	ondevice							Desktop-Random-Feb-2019-Test-55k.tsv
0		open file maker pro	ondevice							Desktop-Random-Feb-2019-Test-55k.tsv
0		open file maker pro	ondevice							Desktop-Random-Feb-2019-Test-55k.tsv
0		open file maker pro	ondevice							Desktop-Random-Feb-2019-Test-55k.tsv
0		open file maker pro	ondevice							Desktop-Random-Feb-2019-Test-55k.tsv
0		open file maker pro	ondevice							Desktop-Random-Feb-2019-Test-55k.tsv
0		open file blog	web							Desktop-Random-Feb-2019-Test-55k.tsv
0		open file blog	web							Desktop-Random-Feb-2019-Test-55k.tsv
0		open file blog	web							Desktop-Random-Feb-2019-Test-55k.tsv
0		open file blog	web							Desktop-Random-Feb-2019-Test-55k.tsv
0		open file blog	web							Desktop-Random-Feb-2019-Test-55k.tsv
0		open file blog	web							Desktop-Random-Feb-2019-Test-55k.tsv
0		open file blog	web							Desktop-Random-Feb-2019-Test-55k.tsv
0		open file blog	web							Desktop-Random-Feb-2019-Test-55k.tsv
0		open file blog	web							Desktop-Random-Feb-2019-Test-55k.tsv
0		open file blog	web							Desktop-Random-Feb-2019-Test-55k.tsv
0		can you bring me into word settings	ondevice							Desktop-Random-Feb-2019-Test-55k.tsv
0		can you bring me into word settings	ondevice							Desktop-Random-Feb-2019-Test-55k.tsv
0		can you bring me into word settings	ondevice							Desktop-Random-Feb-2019-Test-55k.tsv
0		can you bring me into word settings	ondevice							Desktop-Random-Feb-2019-Test-55k.tsv
0		can you bring me into word settings	ondevice							Desktop-Random-Feb-2019-Test-55k.tsv
0		can you bring me into word settings	ondevice							Desktop-Random-Feb-2019-Test-55k.tsv
0		can you bring me into word settings	ondevice							Desktop-Random-Feb-2019-Test-55k.tsv
0		can you bring me into word settings	ondevice							Desktop-Random-Feb-2019-Test-55k.tsv
0		can you bring me into word settings	ondevice							Desktop-Random-Feb-2019-Test-55k.tsv
0		can you bring me into word settings	ondevice							Desktop-Random-Feb-2019-Test-55k.tsv
0		microsoft presentation	ondevice							Desktop-Random-Feb-2019-Test-55k.tsv
0		microsoft presentation	ondevice							Desktop-Random-Feb-2019-Test-55k.tsv
0		microsoft presentation	ondevice							Desktop-Random-Feb-2019-Test-55k.tsv
0		microsoft presentation	ondevice							Desktop-Random-Feb-2019-Test-55k.tsv
0		microsoft presentation	ondevice							Desktop-Random-Feb-2019-Test-55k.tsv
0		microsoft presentation	ondevice							Desktop-Random-Feb-2019-Test-55k.tsv
0		microsoft presentation	ondevice							Desktop-Random-Feb-2019-Test-55k.tsv
0		microsoft presentation	ondevice							Desktop-Random-Feb-2019-Test-55k.tsv
0		microsoft presentation	ondevice							Desktop-Random-Feb-2019-Test-55k.tsv
0		microsoft presentation	ondevice							Desktop-Random-Feb-2019-Test-55k.tsv
0		self onenote	ondevice							Desktop-Random-Feb-2019-Test-55k.tsv
0		self onenote	ondevice							Desktop-Random-Feb-2019-Test-55k.tsv
0		self onenote	ondevice							Desktop-Random-Feb-2019-Test-55k.tsv
0		self onenote	ondevice							Desktop-Random-Feb-2019-Test-55k.tsv
0		self onenote	ondevice							Desktop-Random-Feb-2019-Test-55k.tsv
0		self onenote	ondevice							Desktop-Random-Feb-2019-Test-55k.tsv
0		self onenote	ondevice							Desktop-Random-Feb-2019-Test-55k.tsv
0		self onenote	ondevice							Desktop-Random-Feb-2019-Test-55k.tsv
0		self onenote	ondevice							Desktop-Random-Feb-2019-Test-55k.tsv
0		self onenote	ondevice							Desktop-Random-Feb-2019-Test-55k.tsv
0		robbers onenote	ondevice							Desktop-Random-Feb-2019-Test-55k.tsv
0		robbers onenote	ondevice							Desktop-Random-Feb-2019-Test-55k.tsv
0		robbers onenote	ondevice							Desktop-Random-Feb-2019-Test-55k.tsv
0		robbers onenote	ondevice							Desktop-Random-Feb-2019-Test-55k.tsv
0		robbers onenote	ondevice							Desktop-Random-Feb-2019-Test-55k.tsv
0		robbers onenote	ondevice							Desktop-Random-Feb-2019-Test-55k.tsv
0		robbers onenote	ondevice							Desktop-Random-Feb-2019-Test-55k.tsv
0		robbers onenote	ondevice							Desktop-Random-Feb-2019-Test-55k.tsv
0		robbers onenote	ondevice							Desktop-Random-Feb-2019-Test-55k.tsv
0		robbers onenote	ondevice							Desktop-Random-Feb-2019-Test-55k.tsv
0		can you go to my most recent search games on microsoft store	web							Desktop-Random-Feb-2019-Test-55k.tsv
0		can you go to my most recent search games on microsoft store	web							Desktop-Random-Feb-2019-Test-55k.tsv
0		can you go to my most recent search games on microsoft store	web							Desktop-Random-Feb-2019-Test-55k.tsv
0		can you go to my most recent search games on microsoft store	web							Desktop-Random-Feb-2019-Test-55k.tsv
0		can you go to my most recent search games on microsoft store	web							Desktop-Random-Feb-2019-Test-55k.tsv
0		can you go to my most recent search games on microsoft store	web							Desktop-Random-Feb-2019-Test-55k.tsv
0		can you go to my most recent search games on microsoft store	web							Desktop-Random-Feb-2019-Test-55k.tsv
0		can you go to my most recent search games on microsoft store	web							Desktop-Random-Feb-2019-Test-55k.tsv
0		can you go to my most recent search games on microsoft store	web							Desktop-Random-Feb-2019-Test-55k.tsv
0		can you go to my most recent search games on microsoft store	web							Desktop-Random-Feb-2019-Test-55k.tsv
0		open downloaded document	files							Desktop-Random-Feb-2019-Test-55k.tsv
0		open downloaded document	files							Desktop-Random-Feb-2019-Test-55k.tsv
0		open downloaded document	files							Desktop-Random-Feb-2019-Test-55k.tsv
0		open downloaded document	files							Desktop-Random-Feb-2019-Test-55k.tsv
0		open downloaded document	files							Desktop-Random-Feb-2019-Test-55k.tsv
0		open downloaded document	files							Desktop-Random-Feb-2019-Test-55k.tsv
0		open downloaded document	files							Desktop-Random-Feb-2019-Test-55k.tsv
0		open downloaded document	files							Desktop-Random-Feb-2019-Test-55k.tsv
0		open downloaded document	files							Desktop-Random-Feb-2019-Test-55k.tsv
0		open downloaded document	files							Desktop-Random-Feb-2019-Test-55k.tsv
0		take me to my notes	files							Desktop-Random-Feb-2019-Test-55k.tsv
0		take me to my notes	files							Desktop-Random-Feb-2019-Test-55k.tsv
0		take me to my notes	files							Desktop-Random-Feb-2019-Test-55k.tsv
0		take me to my notes	files							Desktop-Random-Feb-2019-Test-55k.tsv
0		take me to my notes	files							Desktop-Random-Feb-2019-Test-55k.tsv
0		take me to my notes	files							Desktop-Random-Feb-2019-Test-55k.tsv
0		take me to my notes	files							Desktop-Random-Feb-2019-Test-55k.tsv
0		take me to my notes	files							Desktop-Random-Feb-2019-Test-55k.tsv
0		take me to my notes	files							Desktop-Random-Feb-2019-Test-55k.tsv
0		take me to my notes	files							Desktop-Random-Feb-2019-Test-55k.tsv
0		word 2013 duty to warn document	files							Desktop-Random-Feb-2019-Test-55k.tsv
0		word 2013 duty to warn document	files							Desktop-Random-Feb-2019-Test-55k.tsv
0		word 2013 duty to warn document	files							Desktop-Random-Feb-2019-Test-55k.tsv
0		word 2013 duty to warn document	files							Desktop-Random-Feb-2019-Test-55k.tsv
0		word 2013 duty to warn document	files							Desktop-Random-Feb-2019-Test-55k.tsv
0		word 2013 duty to warn document	files							Desktop-Random-Feb-2019-Test-55k.tsv
0		word 2013 duty to warn document	files							Desktop-Random-Feb-2019-Test-55k.tsv
0		word 2013 duty to warn document	files							Desktop-Random-Feb-2019-Test-55k.tsv
0		word 2013 duty to warn document	files							Desktop-Random-Feb-2019-Test-55k.tsv
0		word 2013 duty to warn document	files							Desktop-Random-Feb-2019-Test-55k.tsv
0		please open the note	files							Desktop-Random-Feb-2019-Test-55k.tsv
0		please open the note	files							Desktop-Random-Feb-2019-Test-55k.tsv
0		please open the note	files							Desktop-Random-Feb-2019-Test-55k.tsv
0		please open the note	files							Desktop-Random-Feb-2019-Test-55k.tsv
0		please open the note	files							Desktop-Random-Feb-2019-Test-55k.tsv
0		please open the note	files							Desktop-Random-Feb-2019-Test-55k.tsv
0		please open the note	files							Desktop-Random-Feb-2019-Test-55k.tsv
0		please open the note	files							Desktop-Random-Feb-2019-Test-55k.tsv
0		please open the note	files							Desktop-Random-Feb-2019-Test-55k.tsv
0		please open the note	files							Desktop-Random-Feb-2019-Test-55k.tsv
0		navigate to files	files							UWP_Expansion.tsv
0		navigate to files	files							UWP_Expansion.tsv
0		navigate to files	files							UWP_Expansion.tsv
0		navigate to files	files							UWP_Expansion.tsv
0		navigate to files	files							UWP_Expansion.tsv
0		navigate to recent files	files							UWP_Expansion.tsv
0		navigate to recent files	files							UWP_Expansion.tsv
0		navigate to recent files	files							UWP_Expansion.tsv
0		navigate to recent files	files							UWP_Expansion.tsv
0		navigate to recent files	files							UWP_Expansion.tsv
0		navigate to my files	files							UWP_Expansion.tsv
0		navigate to my files	files							UWP_Expansion.tsv
0		navigate to my files	files							UWP_Expansion.tsv
0		navigate to my files	files							UWP_Expansion.tsv
0		navigate to my files	files							UWP_Expansion.tsv
0		navigate to my recent files	files							UWP_Expansion.tsv
0		navigate to my recent files	files							UWP_Expansion.tsv
0		navigate to my recent files	files							UWP_Expansion.tsv
0		navigate to my recent files	files							UWP_Expansion.tsv
0		navigate to my recent files	files							UWP_Expansion.tsv
0		go to files	files							UWP_Expansion.tsv
0		go to files	files							UWP_Expansion.tsv
0		go to files	files							UWP_Expansion.tsv
0		go to files	files							UWP_Expansion.tsv
0		go to files	files							UWP_Expansion.tsv
0		show me file I was working on	files							UWP_Expansion.tsv
0		show me file I was working on	files							UWP_Expansion.tsv
0		show me file I was working on	files							UWP_Expansion.tsv
0		show me file I was working on	files							UWP_Expansion.tsv
0		show me file I was working on	files							UWP_Expansion.tsv
0		show me PPT I was working on	files							UWP_Expansion.tsv
0		show me PPT I was working on	files							UWP_Expansion.tsv
0		show me PPT I was working on	files							UWP_Expansion.tsv
0		show me PPT I was working on	files							UWP_Expansion.tsv
0		show me PPT I was working on	files							UWP_Expansion.tsv
0		show me Gunsmoke file I was working on	files							UWP_Expansion.tsv
0		show me Gunsmoke file I was working on	files							UWP_Expansion.tsv
0		show me Gunsmoke file I was working on	files							UWP_Expansion.tsv
0		show me Gunsmoke file I was working on	files							UWP_Expansion.tsv
0		show me Gunsmoke file I was working on	files							UWP_Expansion.tsv
0		show me Gunsmoke PPT I was working on	files							UWP_Expansion.tsv
0		show me Gunsmoke PPT I was working on	files							UWP_Expansion.tsv
0		show me Gunsmoke PPT I was working on	files							UWP_Expansion.tsv
0		show me Gunsmoke PPT I was working on	files							UWP_Expansion.tsv
0		show me Gunsmoke PPT I was working on	files							UWP_Expansion.tsv
0		show me my PPT I was working on	files							UWP_Expansion.tsv
0		show me my PPT I was working on	files							UWP_Expansion.tsv
0		show me my PPT I was working on	files							UWP_Expansion.tsv
0		show me my PPT I was working on	files							UWP_Expansion.tsv
0		show me my PPT I was working on	files							UWP_Expansion.tsv
0		show me my Gunsmoke file I was working on	files							UWP_Expansion.tsv
0		show me my Gunsmoke file I was working on	files							UWP_Expansion.tsv
0		show me my Gunsmoke file I was working on	files							UWP_Expansion.tsv
0		show me my Gunsmoke file I was working on	files							UWP_Expansion.tsv
0		show me my Gunsmoke file I was working on	files							UWP_Expansion.tsv
0		show me my Gunsmoke PPT I was working on	files							UWP_Expansion.tsv
0		show me my Gunsmoke PPT I was working on	files							UWP_Expansion.tsv
0		show me my Gunsmoke PPT I was working on	files							UWP_Expansion.tsv
0		show me my Gunsmoke PPT I was working on	files							UWP_Expansion.tsv
0		show me my Gunsmoke PPT I was working on	files							UWP_Expansion.tsv
0		show me the file	files							UWP_Expansion.tsv
0		show me the file	files							UWP_Expansion.tsv
0		show me the file	files							UWP_Expansion.tsv
0		show me the file	files							UWP_Expansion.tsv
0		show me the file	files							UWP_Expansion.tsv
0		show me the PPT I was working on	files							UWP_Expansion.tsv
0		show me the PPT I was working on	files							UWP_Expansion.tsv
0		show me the PPT I was working on	files							UWP_Expansion.tsv
0		show me the PPT I was working on	files							UWP_Expansion.tsv
0		show me the PPT I was working on	files							UWP_Expansion.tsv
0		show me the Gunsmoke file I was working on	files							UWP_Expansion.tsv
0		show me the Gunsmoke file I was working on	files							UWP_Expansion.tsv
0		show me the Gunsmoke file I was working on	files							UWP_Expansion.tsv
0		show me the Gunsmoke file I was working on	files							UWP_Expansion.tsv
0		show me the Gunsmoke file I was working on	files							UWP_Expansion.tsv
0		show me the Gunsmoke PPT I was working on	files							UWP_Expansion.tsv
0		show me the Gunsmoke PPT I was working on	files							UWP_Expansion.tsv
0		show me the Gunsmoke PPT I was working on	files							UWP_Expansion.tsv
0		show me the Gunsmoke PPT I was working on	files							UWP_Expansion.tsv
0		show me the Gunsmoke PPT I was working on	files							UWP_Expansion.tsv
0		pull up PPT I was working on	files							UWP_Expansion.tsv
0		pull up PPT I was working on	files							UWP_Expansion.tsv
0		pull up PPT I was working on	files							UWP_Expansion.tsv
0		pull up PPT I was working on	files							UWP_Expansion.tsv
0		pull up PPT I was working on	files							UWP_Expansion.tsv
0		pull up Gunsmoke file I was working on	files							UWP_Expansion.tsv
0		pull up Gunsmoke file I was working on	files							UWP_Expansion.tsv
0		pull up Gunsmoke file I was working on	files							UWP_Expansion.tsv
0		pull up Gunsmoke file I was working on	files							UWP_Expansion.tsv
0		pull up Gunsmoke file I was working on	files							UWP_Expansion.tsv
0		pull up Gunsmoke PPT I was working on	files							UWP_Expansion.tsv
0		pull up Gunsmoke PPT I was working on	files							UWP_Expansion.tsv
0		pull up Gunsmoke PPT I was working on	files							UWP_Expansion.tsv
0		pull up Gunsmoke PPT I was working on	files							UWP_Expansion.tsv
0		pull up Gunsmoke PPT I was working on	files							UWP_Expansion.tsv
0		pull up my PPT I was working on	files							UWP_Expansion.tsv
0		pull up my PPT I was working on	files							UWP_Expansion.tsv
0		pull up my PPT I was working on	files							UWP_Expansion.tsv
0		pull up my PPT I was working on	files							UWP_Expansion.tsv
0		pull up my PPT I was working on	files							UWP_Expansion.tsv
0		pull up my Gunsmoke file I was working on	files							UWP_Expansion.tsv
0		pull up my Gunsmoke file I was working on	files							UWP_Expansion.tsv
0		pull up my Gunsmoke file I was working on	files							UWP_Expansion.tsv
0		pull up my Gunsmoke file I was working on	files							UWP_Expansion.tsv
0		pull up my Gunsmoke file I was working on	files							UWP_Expansion.tsv
0		pull up my Gunsmoke PPT I was working on	files							UWP_Expansion.tsv
0		pull up my Gunsmoke PPT I was working on	files							UWP_Expansion.tsv
0		pull up my Gunsmoke PPT I was working on	files							UWP_Expansion.tsv
0		pull up my Gunsmoke PPT I was working on	files							UWP_Expansion.tsv
0		pull up my Gunsmoke PPT I was working on	files							UWP_Expansion.tsv
0		pull up the file	files							UWP_Expansion.tsv
0		pull up the file	files							UWP_Expansion.tsv
0		pull up the file	files							UWP_Expansion.tsv
0		pull up the file	files							UWP_Expansion.tsv
0		pull up the file	files							UWP_Expansion.tsv
0		pull up the file I was working on	files							UWP_Expansion.tsv
0		pull up the file I was working on	files							UWP_Expansion.tsv
0		pull up the file I was working on	files							UWP_Expansion.tsv
0		pull up the file I was working on	files							UWP_Expansion.tsv
0		pull up the file I was working on	files							UWP_Expansion.tsv
0		pull up the PPT	files							UWP_Expansion.tsv
0		pull up the PPT	files							UWP_Expansion.tsv
0		pull up the PPT	files							UWP_Expansion.tsv
0		pull up the PPT	files							UWP_Expansion.tsv
0		pull up the PPT	files							UWP_Expansion.tsv
0		pull up the PPT I was working on	files							UWP_Expansion.tsv
0		pull up the PPT I was working on	files							UWP_Expansion.tsv
0		pull up the PPT I was working on	files							UWP_Expansion.tsv
0		pull up the PPT I was working on	files							UWP_Expansion.tsv
0		pull up the PPT I was working on	files							UWP_Expansion.tsv
0		pull up the Gunsmoke file I was working on	files							UWP_Expansion.tsv
0		pull up the Gunsmoke file I was working on	files							UWP_Expansion.tsv
0		pull up the Gunsmoke file I was working on	files							UWP_Expansion.tsv
0		pull up the Gunsmoke file I was working on	files							UWP_Expansion.tsv
0		pull up the Gunsmoke file I was working on	files							UWP_Expansion.tsv
0		pull up the Gunsmoke PPT I was working on	files							UWP_Expansion.tsv
0		pull up the Gunsmoke PPT I was working on	files							UWP_Expansion.tsv
0		pull up the Gunsmoke PPT I was working on	files							UWP_Expansion.tsv
0		pull up the Gunsmoke PPT I was working on	files							UWP_Expansion.tsv
0		pull up the Gunsmoke PPT I was working on	files							UWP_Expansion.tsv
0		bring up PPT I was working on	files							UWP_Expansion.tsv
0		bring up PPT I was working on	files							UWP_Expansion.tsv
0		bring up PPT I was working on	files							UWP_Expansion.tsv
0		bring up PPT I was working on	files							UWP_Expansion.tsv
0		bring up PPT I was working on	files							UWP_Expansion.tsv
0		bring up Gunsmoke PPT I was working on	files							UWP_Expansion.tsv
0		bring up Gunsmoke PPT I was working on	files							UWP_Expansion.tsv
0		bring up Gunsmoke PPT I was working on	files							UWP_Expansion.tsv
0		bring up Gunsmoke PPT I was working on	files							UWP_Expansion.tsv
0		bring up Gunsmoke PPT I was working on	files							UWP_Expansion.tsv
0		open PPT I was working on	files							UWP_Expansion.tsv
0		open PPT I was working on	files							UWP_Expansion.tsv
0		open PPT I was working on	files							UWP_Expansion.tsv
0		open PPT I was working on	files							UWP_Expansion.tsv
0		open PPT I was working on	files							UWP_Expansion.tsv
0		open Gunsmoke file I was working on	files							UWP_Expansion.tsv
0		open Gunsmoke file I was working on	files							UWP_Expansion.tsv
0		open Gunsmoke file I was working on	files							UWP_Expansion.tsv
0		open Gunsmoke file I was working on	files							UWP_Expansion.tsv
0		open Gunsmoke file I was working on	files							UWP_Expansion.tsv
0		open Gunsmoke PPT I was working on	files							UWP_Expansion.tsv
0		open Gunsmoke PPT I was working on	files							UWP_Expansion.tsv
0		open Gunsmoke PPT I was working on	files							UWP_Expansion.tsv
0		open Gunsmoke PPT I was working on	files							UWP_Expansion.tsv
0		open Gunsmoke PPT I was working on	files							UWP_Expansion.tsv
0		open my PPT I was working on	files							UWP_Expansion.tsv
0		open my PPT I was working on	files							UWP_Expansion.tsv
0		open my PPT I was working on	files							UWP_Expansion.tsv
0		open my PPT I was working on	files							UWP_Expansion.tsv
0		open my PPT I was working on	files							UWP_Expansion.tsv
0		open my Gunsmoke file I was working on	files							UWP_Expansion.tsv
0		open my Gunsmoke file I was working on	files							UWP_Expansion.tsv
0		open my Gunsmoke file I was working on	files							UWP_Expansion.tsv
0		open my Gunsmoke file I was working on	files							UWP_Expansion.tsv
0		open my Gunsmoke file I was working on	files							UWP_Expansion.tsv
0		open my Gunsmoke PPT I was working on	files							UWP_Expansion.tsv
0		open my Gunsmoke PPT I was working on	files							UWP_Expansion.tsv
0		open my Gunsmoke PPT I was working on	files							UWP_Expansion.tsv
0		open my Gunsmoke PPT I was working on	files							UWP_Expansion.tsv
0		open my Gunsmoke PPT I was working on	files							UWP_Expansion.tsv
0		open the PPT I was working on	files							UWP_Expansion.tsv
0		open the PPT I was working on	files							UWP_Expansion.tsv
0		open the PPT I was working on	files							UWP_Expansion.tsv
0		open the PPT I was working on	files							UWP_Expansion.tsv
0		open the PPT I was working on	files							UWP_Expansion.tsv
0		open the Gunsmoke PPT I was working on	files							UWP_Expansion.tsv
0		open the Gunsmoke PPT I was working on	files							UWP_Expansion.tsv
0		open the Gunsmoke PPT I was working on	files							UWP_Expansion.tsv
0		open the Gunsmoke PPT I was working on	files							UWP_Expansion.tsv
0		open the Gunsmoke PPT I was working on	files							UWP_Expansion.tsv
0		find cortana uwp app - skill readiness excel	files							UWP_microsoft_dsat
0		find cortana uwp app - skill readiness excel	files							UWP_microsoft_dsat
0		find cortana uwp app - skill readiness excel	files							UWP_microsoft_dsat
0		find cortana uwp app - skill readiness excel	files							UWP_microsoft_dsat
0		find cortana uwp app - skill readiness excel	files							UWP_microsoft_dsat
0		find cortana uwp app - skill readiness excel	files							UWP_microsoft_dsat
0		find cortana uwp app - skill readiness excel	files							UWP_microsoft_dsat
0		find cortana uwp app - skill readiness excel	files							UWP_microsoft_dsat
0		find cortana uwp app - skill readiness excel	files							UWP_microsoft_dsat
0		find cortana uwp app - skill readiness excel	files							UWP_microsoft_dsat
0		open bcis experiments in word	web							Desktop-Random-Feb-2019-Test-55k.tsv
0		open bcis experiments in word	web							Desktop-Random-Feb-2019-Test-55k.tsv
0		open bcis experiments in word	web							Desktop-Random-Feb-2019-Test-55k.tsv
0		open bcis experiments in word	web							Desktop-Random-Feb-2019-Test-55k.tsv
0		open bcis experiments in word	web							Desktop-Random-Feb-2019-Test-55k.tsv
0		open bcis experiments in word	web							Desktop-Random-Feb-2019-Test-55k.tsv
0		open bcis experiments in word	web							Desktop-Random-Feb-2019-Test-55k.tsv
0		open bcis experiments in word	web							Desktop-Random-Feb-2019-Test-55k.tsv
0		open bcis experiments in word	web							Desktop-Random-Feb-2019-Test-55k.tsv
0		open bcis experiments in word	web							Desktop-Random-Feb-2019-Test-55k.tsv
0		pull up file I am working on	files							Validating_UWP_AllDomain_QueryExpansion.tsv
0		pull up file I am working on	files							Validating_UWP_AllDomain_QueryExpansion.tsv
0		pull up file I am working on	files							Validating_UWP_AllDomain_QueryExpansion.tsv
0		pull up file I am working on	files							Validating_UWP_AllDomain_QueryExpansion.tsv
0		pull up file I am working on	files							Validating_UWP_AllDomain_QueryExpansion.tsv
0		pull up a file	files							Validating_UWP_AllDomain_QueryExpansion.tsv
0		pull up a file	files							Validating_UWP_AllDomain_QueryExpansion.tsv
0		pull up a file	files							Validating_UWP_AllDomain_QueryExpansion.tsv
0		pull up a file	files							Validating_UWP_AllDomain_QueryExpansion.tsv
0		pull up a file	files							Validating_UWP_AllDomain_QueryExpansion.tsv
0		shiproom deck	files							3s_dsat
0		shiproom deck	files							3s_dsat
0		shiproom deck	files							3s_dsat
0		shiproom deck	files							3s_dsat
0		shiproom deck	files							3s_dsat
0		show me latest windows deck	files							UWP_dsat
0		show me latest windows deck	files							UWP_dsat
0		show me latest windows deck	files							UWP_dsat
0		show me latest windows deck	files							UWP_dsat
0		show me latest windows deck	files							UWP_dsat
0		show me latest windows deck	files							UWP_dsat
0		show me latest windows deck	files							UWP_dsat
0		show me latest windows deck	files							UWP_dsat
0		show me latest windows deck	files							UWP_dsat
0		show me latest windows deck	files							UWP_dsat
0		open notes	ondevice							Desktop-Random-Feb-2019-Test-55k.tsv
0		open notes	ondevice							Desktop-Random-Feb-2019-Test-55k.tsv
0		open notes	ondevice							Desktop-Random-Feb-2019-Test-55k.tsv
0		open notes	ondevice							Desktop-Random-Feb-2019-Test-55k.tsv
0		open notes	ondevice							Desktop-Random-Feb-2019-Test-55k.tsv
0		open notes	ondevice							Desktop-Random-Feb-2019-Test-55k.tsv
0		open notes	ondevice							Desktop-Random-Feb-2019-Test-55k.tsv
0		open notes	ondevice							Desktop-Random-Feb-2019-Test-55k.tsv
0		open notes	ondevice							Desktop-Random-Feb-2019-Test-55k.tsv
0		open notes	ondevice							Desktop-Random-Feb-2019-Test-55k.tsv
0		Isn't the reference presentation	web							Validating_Teams_AllDomain_SR_RandomSampling_20200101-20200123_6k.tsv
0		Isn't the reference presentation	web							Validating_Teams_AllDomain_SR_RandomSampling_20200101-20200123_6k.tsv
0		Isn't the reference presentation	web							Validating_Teams_AllDomain_SR_RandomSampling_20200101-20200123_6k.tsv
0		Isn't the reference presentation	web							Validating_Teams_AllDomain_SR_RandomSampling_20200101-20200123_6k.tsv
0		Isn't the reference presentation	web							Validating_Teams_AllDomain_SR_RandomSampling_20200101-20200123_6k.tsv
0		Isn't the reference presentation	web							Validating_Teams_AllDomain_SR_RandomSampling_20200101-20200123_6k.tsv
0		Isn't the reference presentation	web							Validating_Teams_AllDomain_SR_RandomSampling_20200101-20200123_6k.tsv
0		Isn't the reference presentation	web							Validating_Teams_AllDomain_SR_RandomSampling_20200101-20200123_6k.tsv
0		Isn't the reference presentation	web							Validating_Teams_AllDomain_SR_RandomSampling_20200101-20200123_6k.tsv
0		doc named cortana skills	files							UWP_dsat
0		doc named cortana skills	files							UWP_dsat
0		doc named cortana skills	files							UWP_dsat
0		doc named cortana skills	files							UWP_dsat
0		doc named cortana skills	files							UWP_dsat
0		doc named cortana skills	files							UWP_dsat
0		doc named cortana skills	files							UWP_dsat
0		doc named cortana skills	files							UWP_dsat
0		doc named cortana skills	files							UWP_dsat
0		doc named cortana skills	files							UWP_dsat
0		doc named cortana skills	files							UWP_dsat
0		doc named cortana skills	files							UWP_dsat
0		doc named cortana skills	files							UWP_dsat
0		doc named cortana skills	files							UWP_dsat
0		doc named cortana skills	files							UWP_dsat
0		doc named cortana skills	files							UWP_dsat
0		doc named cortana skills	files							UWP_dsat
0		doc named cortana skills	files							UWP_dsat
0		doc named cortana skills	files							UWP_dsat
0		doc named cortana skills	files							UWP_dsat
0		excel titled cortana skills	files							UWP_dsat
0		excel titled cortana skills	files							UWP_dsat
0		excel titled cortana skills	files							UWP_dsat
0		excel titled cortana skills	files							UWP_dsat
0		excel titled cortana skills	files							UWP_dsat
0		excel titled cortana skills	files							UWP_dsat
0		excel titled cortana skills	files							UWP_dsat
0		excel titled cortana skills	files							UWP_dsat
0		excel titled cortana skills	files							UWP_dsat
0		excel titled cortana skills	files							UWP_dsat
0		skills.ppt	files							UWP_dsat
0		skills.ppt	files							UWP_dsat
0		skills.ppt	files							UWP_dsat
0		skills.ppt	files							UWP_dsat
0		skills.ppt	files							UWP_dsat
0		skills.ppt	files							UWP_dsat
0		skills.ppt	files							UWP_dsat
0		skills.ppt	files							UWP_dsat
0		skills.ppt	files							UWP_dsat
0		skills.ppt	files							UWP_dsat
0		document called cortana skills	files							UWP_dsat
0		document called cortana skills	files							UWP_dsat
0		document called cortana skills	files							UWP_dsat
0		document called cortana skills	files							UWP_dsat
0		document called cortana skills	files							UWP_dsat
0		document called cortana skills	files							UWP_dsat
0		document called cortana skills	files							UWP_dsat
0		document called cortana skills	files							UWP_dsat
0		document called cortana skills	files							UWP_dsat
0		document called cortana skills	files							UWP_dsat
0		file by govind named cortana skills	files							UWP_dsat
0		file by govind named cortana skills	files							UWP_dsat
0		file by govind named cortana skills	files							UWP_dsat
0		file by govind named cortana skills	files							UWP_dsat
0		file by govind named cortana skills	files							UWP_dsat
0		file by govind named cortana skills	files							UWP_dsat
0		file by govind named cortana skills	files							UWP_dsat
0		file by govind named cortana skills	files							UWP_dsat
0		file by govind named cortana skills	files							UWP_dsat
0		file by govind named cortana skills	files							UWP_dsat
0		doc Govind shared	files							UWP_dsat
0		doc Govind shared	files							UWP_dsat
0		doc Govind shared	files							UWP_dsat
0		doc Govind shared	files							UWP_dsat
0		doc Govind shared	files							UWP_dsat
0		doc Govind shared	files							UWP_dsat
0		doc Govind shared	files							UWP_dsat
0		doc Govind shared	files							UWP_dsat
0		doc Govind shared	files							UWP_dsat
0		doc Govind shared	files							UWP_dsat
0		doc Govind shared	files							UWP_dsat
0		doc Govind shared	files							UWP_dsat
0		doc Govind shared	files							UWP_dsat
0		doc Govind shared	files							UWP_dsat
0		doc Govind shared	files							UWP_dsat
0		doc Govind shared	files							UWP_dsat
0		doc Govind shared	files							UWP_dsat
0		doc Govind shared	files							UWP_dsat
0		doc Govind shared	files							UWP_dsat
0		doc Govind shared	files							UWP_dsat
0		file on cortana skills	files							UWP_dsat
0		file on cortana skills	files							UWP_dsat
0		file on cortana skills	files							UWP_dsat
0		file on cortana skills	files							UWP_dsat
0		file on cortana skills	files							UWP_dsat
0		file on cortana skills	files							UWP_dsat
0		file on cortana skills	files							UWP_dsat
0		file on cortana skills	files							UWP_dsat
0		file on cortana skills	files							UWP_dsat
0		file on cortana skills	files							UWP_dsat
0		file on cortana skills	files							UWP_dsat
0		file on cortana skills	files							UWP_dsat
0		file on cortana skills	files							UWP_dsat
0		file on cortana skills	files							UWP_dsat
0		file on cortana skills	files							UWP_dsat
0		file on cortana skills	files							UWP_dsat
0		file on cortana skills	files							UWP_dsat
0		file on cortana skills	files							UWP_dsat
0		file on cortana skills	files							UWP_dsat
0		file on cortana skills	files							UWP_dsat
0		file on cortana skills	files							UWP_dsat
0		file on cortana skills	files							UWP_dsat
0		file on cortana skills	files							UWP_dsat
0		file on cortana skills	files							UWP_dsat
0		file on cortana skills	files							UWP_dsat
0		file on cortana skills	files							UWP_dsat
0		file on cortana skills	files							UWP_dsat
0		file on cortana skills	files							UWP_dsat
0		file on cortana skills	files							UWP_dsat
0		file on cortana skills	files							UWP_dsat
0		govind's file on cortana skills	files							UWP_dsat
0		govind's file on cortana skills	files							UWP_dsat
0		govind's file on cortana skills	files							UWP_dsat
0		govind's file on cortana skills	files							UWP_dsat
0		govind's file on cortana skills	files							UWP_dsat
0		govind's file on cortana skills	files							UWP_dsat
0		govind's file on cortana skills	files							UWP_dsat
0		govind's file on cortana skills	files							UWP_dsat
0		govind's file on cortana skills	files							UWP_dsat
0		govind's file on cortana skills	files							UWP_dsat
0		doc called shiproom	files							UWP_dsat
0		doc called shiproom	files							UWP_dsat
0		doc called shiproom	files							UWP_dsat
0		doc called shiproom	files							UWP_dsat
0		doc called shiproom	files							UWP_dsat
0		doc called shiproom	files							UWP_dsat
0		doc called shiproom	files							UWP_dsat
0		doc called shiproom	files							UWP_dsat
0		doc called shiproom	files							UWP_dsat
0		doc called shiproom	files							UWP_dsat
0		documentaboutcortana skills	files							UWP_dsat
0		documentaboutcortana skills	files							UWP_dsat
0		documentaboutcortana skills	files							UWP_dsat
0		documentaboutcortana skills	files							UWP_dsat
0		documentaboutcortana skills	files							UWP_dsat
0		documentaboutcortana skills	files							UWP_dsat
0		documentaboutcortana skills	files							UWP_dsat
0		documentaboutcortana skills	files							UWP_dsat
0		documentaboutcortana skills	files							UWP_dsat
0		documentaboutcortana skills	files							UWP_dsat
0		my calendar skill ppt I created	files							UWP_dsat
0		my calendar skill ppt I created	files							UWP_dsat
0		my calendar skill ppt I created	files							UWP_dsat
0		my calendar skill ppt I created	files							UWP_dsat
0		my calendar skill ppt I created	files							UWP_dsat
0		my calendar skill ppt I created	files							UWP_dsat
0		my calendar skill ppt I created	files							UWP_dsat
0		my calendar skill ppt I created	files							UWP_dsat
0		my calendar skill ppt I created	files							UWP_dsat
0		my calendar skill ppt I created	files							UWP_dsat
0		canyoufind my recent .ppt	files							UWP_dsat
0		canyoufind my recent .ppt	files							UWP_dsat
0		canyoufind my recent .ppt	files							UWP_dsat
0		canyoufind my recent .ppt	files							UWP_dsat
0		canyoufind my recent .ppt	files							UWP_dsat
0		canyoufind my recent .ppt	files							UWP_dsat
0		canyoufind my recent .ppt	files							UWP_dsat
0		canyoufind my recent .ppt	files							UWP_dsat
0		canyoufind my recent .ppt	files							UWP_dsat
0		canyoufind my recent .ppt	files							UWP_dsat
0		docs created	files							UWP_dsat
0		docs created	files							UWP_dsat
0		docs created	files							UWP_dsat
0		docs created	files							UWP_dsat
0		docs created	files							UWP_dsat
0		docs created	files							UWP_dsat
0		docs created	files							UWP_dsat
0		docs created	files							UWP_dsat
0		docs created	files							UWP_dsat
0		docs created	files							UWP_dsat
0		Resume the deck.	web							Validating_Teams_AllDomain_SR_RandomSampling_20200101-20200123_6k.tsv
0		Resume the deck.	web							Validating_Teams_AllDomain_SR_RandomSampling_20200101-20200123_6k.tsv
0		Resume the deck.	web							Validating_Teams_AllDomain_SR_RandomSampling_20200101-20200123_6k.tsv
0		Resume the deck.	web							Validating_Teams_AllDomain_SR_RandomSampling_20200101-20200123_6k.tsv
0		Resume the deck.	web							Validating_Teams_AllDomain_SR_RandomSampling_20200101-20200123_6k.tsv
0		Resume the deck.	web							Validating_Teams_AllDomain_SR_RandomSampling_20200101-20200123_6k.tsv
0		Resume the deck.	web							Validating_Teams_AllDomain_SR_RandomSampling_20200101-20200123_6k.tsv
0		Resume the deck.	web							Validating_Teams_AllDomain_SR_RandomSampling_20200101-20200123_6k.tsv
0		Resume the deck.	web							Validating_Teams_AllDomain_SR_RandomSampling_20200101-20200123_6k.tsv
0		Hey Cortana end a file to Joey.	web							Validating_Teams_AllDomain_SR_RandomSampling_20200101-20200123_6k.tsv
0		Hey Cortana end a file to Joey.	web							Validating_Teams_AllDomain_SR_RandomSampling_20200101-20200123_6k.tsv
0		Hey Cortana end a file to Joey.	web							Validating_Teams_AllDomain_SR_RandomSampling_20200101-20200123_6k.tsv
0		Hey Cortana end a file to Joey.	web							Validating_Teams_AllDomain_SR_RandomSampling_20200101-20200123_6k.tsv
0		Hey Cortana end a file to Joey.	web							Validating_Teams_AllDomain_SR_RandomSampling_20200101-20200123_6k.tsv
0		Hey Cortana end a file to Joey.	web							Validating_Teams_AllDomain_SR_RandomSampling_20200101-20200123_6k.tsv
0		Hey Cortana end a file to Joey.	web							Validating_Teams_AllDomain_SR_RandomSampling_20200101-20200123_6k.tsv
0		Hey Cortana end a file to Joey.	web							Validating_Teams_AllDomain_SR_RandomSampling_20200101-20200123_6k.tsv
0		Hey Cortana end a file to Joey.	web							Validating_Teams_AllDomain_SR_RandomSampling_20200101-20200123_6k.tsv
0		The doc file is working on.	web							Validating_Teams_AllDomain_SR_RandomSampling_20200101-20200123_6k.tsv
0		The doc file is working on.	web							Validating_Teams_AllDomain_SR_RandomSampling_20200101-20200123_6k.tsv
0		The doc file is working on.	web							Validating_Teams_AllDomain_SR_RandomSampling_20200101-20200123_6k.tsv
0		The doc file is working on.	web							Validating_Teams_AllDomain_SR_RandomSampling_20200101-20200123_6k.tsv
0		The doc file is working on.	web							Validating_Teams_AllDomain_SR_RandomSampling_20200101-20200123_6k.tsv
0		The doc file is working on.	web							Validating_Teams_AllDomain_SR_RandomSampling_20200101-20200123_6k.tsv
0		The doc file is working on.	web							Validating_Teams_AllDomain_SR_RandomSampling_20200101-20200123_6k.tsv
0		The doc file is working on.	web							Validating_Teams_AllDomain_SR_RandomSampling_20200101-20200123_6k.tsv
0		The doc file is working on.	web							Validating_Teams_AllDomain_SR_RandomSampling_20200101-20200123_6k.tsv
0		What are my files	files							UWP_dsat
0		What are my files	files							UWP_dsat
0		What are my files	files							UWP_dsat
0		What are my files	files							UWP_dsat
0		What are my files	files							UWP_dsat
0		What are my files	files							UWP_dsat
0		What are my files	files							UWP_dsat
0		What are my files	files							UWP_dsat
0		What are my files	files							UWP_dsat
0		What is the last file shared by emma	files							UWP_dsat
0		What is the last file shared by emma	files							UWP_dsat
0		What is the last file shared by emma	files							UWP_dsat
0		What is the last file shared by emma	files							UWP_dsat
0		What is the last file shared by emma	files							UWP_dsat
0		What is the last file shared by emma	files							UWP_dsat
0		What is the last file shared by emma	files							UWP_dsat
0		What is the last file shared by emma	files							UWP_dsat
0		What is the last file shared by emma	files							UWP_dsat
0		files in my onedrive	files							UWP_dsat
0		files in my onedrive	files							UWP_dsat
0		files in my onedrive	files							UWP_dsat
0		files in my onedrive	files							UWP_dsat
0		files in my onedrive	files							UWP_dsat
0		files in my onedrive	files							UWP_dsat
0		files in my onedrive	files							UWP_dsat
0		files in my onedrive	files							UWP_dsat
0		files in my onedrive	files							UWP_dsat